slide,kind,start_s,duration_s,start_mmss,source,title
01,answer,0.00,56.51,00:00,Slide 1.wav,TITLE AND SCOPE
01a,question,56.51,8.00,00:57,silence,THE BRIEF: PART A AS ISSUED
02,answer,64.51,76.23,01:05,Slide 2.wav,CRYSTAL MORPHOLOGY AND MOST PROBABLE POINT GROUPS
03,answer,140.73,91.11,02:21,Slide 3.wav,SPECIMEN 1: CUBO-OCTAHEDRAL HABIT
04,answer,231.84,105.31,03:52,Slide 4.wav,SPECIMEN 2: HEXAGONAL PRISMATIC HABIT
04a,question,337.14,8.00,05:37,silence,THE BRIEF: PART B SEGMENT 1 AS ISSUED
05,answer,345.14,86.14,05:45,Slide 5.wav,PART B SEGMENT 1: FERROELECTRIC DISTORTION OF BaTiO3
06,answer,431.29,113.27,07:11,Slide 6.wav,Ti DISPLACEMENT SERIES ALONG c
07,answer,544.55,88.59,09:05,Slide 7.wav,NINE DISTORTION STATES: GEOMETRY AND RIGID-ION POLARISATION
08,answer,633.14,77.35,10:33,Slide 8.wav,FERROELECTRIC HYSTERESIS: CORRECTED TWO-BRANCH LOOP
09,answer,710.49,116.63,11:50,Slide 9.wav,"WHY A LOOP AND NOT A LINE: DOUBLE WELL, DOMAINS AND Tc"
09a,question,827.12,8.00,13:47,silence,THE BRIEF: PART B SEGMENT 2 AS ISSUED
10,answer,835.12,100.50,13:55,Slide 10.wav,PART B SEGMENT 2: NINE BINARY CUBIC PROTOTYPES
11,answer,935.62,97.82,15:36,Slide 11.wav,ROCK SALT TYPE: NaCl AND CaTe
12,answer,1033.44,97.07,17:13,Slide 12.wav,CAESIUM CHLORIDE TYPE: CsCl AND AuZn
13,answer,1130.51,111.79,18:51,Slide 13.wav,"FLUORITE AND ANTIFLUORITE: CaF2, CeO2 AND K2O"
14,answer,1242.30,98.83,20:42,Slide 14.wav,ZINC BLENDE TYPE: ZnS AND GaP
15,answer,1341.12,5.03,22:21,Slide 15.wav,"VERIFICATION, MANIFEST AND WHAT IS STILL MISSING"
